<?xml version="1.0" encoding="UTF-8"?>
<assembly xmlns="http://maven.apache.org/xsd/assembly"
	xsi:schemaLocation="http://maven.apache.org/xsd/assembly http://maven.apache.org/xsd/assembly-1.1.2.xsd">

	<id>bin</id>
	<formats>
		<format>zip</format>
	</formats>
	<includeBaseDirectory>false</includeBaseDirectory>
	<fileSets>
		<fileSet>
			<directory>src/main/resources</directory>
			<outputDirectory>/${pom.artifactId}-${pom.version}</outputDirectory>
		</fileSet>
	</fileSets>
</assembly>
